ENGR 105,Introduction to Engineering,Tuesday,"12:00-14:00
"
UNI 101,Mathematical Reasoning,Monday,"09:00-12:00
"
UNI 112 01,Critical Reading and Writing in Turkish II (Sectio,Monday Wednesday,"17:00-19:00 18:00-19:00
"
UNI 111 01,Critical Reading and Writing in Turkish I (Section,Monday Wednesday,"17:00-19:00 18:00-19:00
"
MATH 103,Calculus I,Tuesday Thursday,"09:00-11:00 09:00-10:00
"
MATH 100 01,Mathematics for Business (Section I),Tuesday Thursday,"11:00-12:00 10:00-12:00
"
MATH 100 01,Mathematics for Business (Section I),Tuesday Thursday,"11:00-12:00 10:00-12:00
"
MATH 103,Calculus I,Tuesday Thursday,"09:00-11:00 09:00-10:00
"
